-- --------------------------------------------------------
-- 主機:                           140.127.74.226
-- 伺服器版本:                        10.11.3-MariaDB - mariadb.org binary distribution
-- 伺服器作業系統:                      Win64
-- HeidiSQL 版本:                  12.3.0.6589
-- --------------------------------------------------------

/*!40101 SET @OLD_CHARACTER_SET_CLIENT=@@CHARACTER_SET_CLIENT */;
/*!40101 SET NAMES utf8 */;
/*!50503 SET NAMES utf8mb4 */;
/*!40103 SET @OLD_TIME_ZONE=@@TIME_ZONE */;
/*!40103 SET TIME_ZONE='+00:00' */;
/*!40014 SET @OLD_FOREIGN_KEY_CHECKS=@@FOREIGN_KEY_CHECKS, FOREIGN_KEY_CHECKS=0 */;
/*!40101 SET @OLD_SQL_MODE=@@SQL_MODE, SQL_MODE='NO_AUTO_VALUE_ON_ZERO' */;
/*!40111 SET @OLD_SQL_NOTES=@@SQL_NOTES, SQL_NOTES=0 */;


-- 傾印 411077026 的資料庫結構
CREATE DATABASE IF NOT EXISTS `411077026` /*!40100 DEFAULT CHARACTER SET utf8mb4 COLLATE utf8mb4_general_ci */;
USE `411077026`;

-- 傾印  資料表 411077026.customer 結構
CREATE TABLE IF NOT EXISTS `customer` (
  `cus_id` varchar(4) NOT NULL,
  `cus_account` varchar(15) NOT NULL,
  `cus_password` varchar(6) NOT NULL,
  `cus_name` varchar(4) NOT NULL,
  `gender` char(1) NOT NULL,
  `phone_num` varchar(10) NOT NULL,
  `state` varchar(7) NOT NULL,
  `bank` varchar(4) DEFAULT NULL,
  `card_type` text DEFAULT NULL,
  `card_num` text DEFAULT NULL,
  `card_date` text DEFAULT NULL,
  `address	month_cost` text NOT NULL,
  `month_cost` decimal(20,0) unsigned DEFAULT NULL,
  `settle_date` date NOT NULL,
  `cumu_consump` decimal(20,0) unsigned DEFAULT NULL,
  PRIMARY KEY (`cus_id`)
) ENGINE=InnoDB DEFAULT CHARSET=utf8mb4 COLLATE=utf8mb4_general_ci;

-- 正在傾印表格  411077026.customer 的資料：~19 rows (近似值)
INSERT INTO `customer` (`cus_id`, `cus_account`, `cus_password`, `cus_name`, `gender`, `phone_num`, `state`, `bank`, `card_type`, `card_num`, `card_date`, `address	month_cost`, `month_cost`, `settle_date`, `cumu_consump`) VALUES
	('A101', 'RA1YQl2Icr', 'fcljok', '張嘉岑', '男', '0923415566', 'online', '新光銀行', 'JCB', '3548831090144240', '01/2027', '南投縣埔里鎮房里路11號', 211593, '2023-06-30', 845903),
	('A102', 'D8SRJOI3LZ', 'gmhatt', '楊柏勳', '男', '0916459487', 'online', '中國信託', 'VISA', '4716380513782880', '02/2027', '高雄市路竹區下甲路24號', 101820, '2023-06-30', 614397),
	('A103', 'lt3o1205b429u2', 'vjdqbz', '張伊婷', '女', '0917753410', 'online', '玉山銀行', 'VISA', '4835832941333760', '09/2025', '屏東縣潮州鎮永坤路27號', 561868, '2023-06-30', 1174540),
	('A104', 'v4i373f2', 'iencce', '林怡雯', '女', '0916202470', 'offline', '', '', '', '', '桃園市桃園區金門四街8號', 273981, '2023-06-30', 755823),
	('A105', 'Y2V9IWPX02Z', 'yyhcey', '程宜欣', '女', '0916895551', 'offline', '', '', '', '', '高雄市大寮區上發六路23號', 149438, '2023-06-30', 329745),
	('A106', 'c6vb6xxv', 'nfvnjz', '吳瑋婷', '男', '0920318025', 'offline', '', '', '', '', '高雄市小港區桂德街27號', 126867, '2023-06-30', 538553),
	('A107', 'N422494', 'lmywap', '郭俊嘉', '男', '0920489938', 'offline', '', '', '', '', '苗栗縣銅鑼鄉銅科二路9號', 207270, '2023-06-30', 846620),
	('A108', 'OI8DWG4R1Z', 'ayzvgj', '陳怡舜', '男', '0933450198', 'online', '中國信託', 'Mastercard', '5419005253744020', '08/2024', '彰化縣花壇鄉彰花路4號', 15545, '2023-06-30', 52486),
	('A109', 'KeXzlyOXxSGp', 'zhvxru', '曾思妤', '女', '0970386971', 'online', '玉山銀行', 'VISA', '4691297253629440', '07/2024', '臺中市神岡區大豐路31號', 132084, '2023-06-30', 407752),
	('A110', 'MUHZNrloIyTCU', 'ejwxnt', '王子華', '男', '0926045271', 'offline', '', '', '', '', '高雄市楠梓區立仁街11號', 197350, '2023-06-30', 599342),
	('A111', 'TD0HT1M', 'npycxk', '陳詩涵', '女', '0919588276', 'offline', '', '', '', '', '新北市板橋區西門街20號', 105588, '2023-06-30', 275583),
	('A112', 'orhn00niti', 'xidemu', '婁亭君', '女', '0952473735', 'online', '玉山銀行', 'JCB', '3534007434640340', '05/2025', '雲林縣莿桐鄉興中27號', 198210, '2023-06-30', 486575),
	('A113', 'rqvk9r7zd', 'yqdwln', '張冠廷', '男', '0916750723', 'offline', '', '', '', '', '桃園市桃園區同德六街31號', 126344, '2023-06-30', 358456),
	('A114', 'uwmnir75i90', 'vafhwp', '郭佳霖', '男', '0923781224', 'offline', '', '', '', '', '高雄市路竹區新興路25號', 23558, '2023-06-30', 766348),
	('A115', 'Lc01iuMHcwE4Al', 'bkvbwy', '周琬婷', '女', '0955869837', 'offline', '', '', '', '', '新北市土城區廣福街16號', 20635, '2023-06-30', 163824),
	('A116', 'V4FggK6pv', 'sptsbh', '姜穎妤', '女', '0910288237', 'online', '新光銀行', 'Mastercard', '5545518719083550', '03/2026', '嘉義市西區撫順三街34號', 160096, '2023-06-30', 284565),
	('A117', 'RRYmdTdRb', 'rbhaqz', '楊佳儒', '男', '0914053638', 'online', '中國信託', 'VISA', '4532554855222810', '07/2027', '臺中市中區?十路19號', 38436, '2023-06-30', 112974),
	('A118', 't6zak2l8', 'pchzgp', '郭威宇', '男', '0912861360', 'offline', '', '', '', '', '臺南市仁德區義林南路17號', 55540, '2023-06-30', 243220),
	('A119', 'NoglfYgY', 'mfrvae', '梁允慈', '女', '0927892931', 'online', '玉山銀行', 'VISA', '4929834338336600', '10/2027', '新竹縣新豐鄉康平街6號', 349868, '2023-06-30', 1278655);

-- 傾印  資料表 411077026.depot 結構
CREATE TABLE IF NOT EXISTS `depot` (
  `item_id` int(2) NOT NULL,
  `store_num` int(3) NOT NULL,
  `replenish_request` tinyint(4) NOT NULL,
  `replenish_num` int(11) DEFAULT NULL,
  `transfer_Tstorenum` int(11) DEFAULT NULL,
  `transfer_Kstorenum` int(11) DEFAULT NULL,
  PRIMARY KEY (`item_id`)
) ENGINE=InnoDB DEFAULT CHARSET=utf8mb4 COLLATE=utf8mb4_general_ci;

-- 正在傾印表格  411077026.depot 的資料：~24 rows (近似值)
INSERT INTO `depot` (`item_id`, `store_num`, `replenish_request`, `replenish_num`, `transfer_Tstorenum`, `transfer_Kstorenum`) VALUES
	(1, 5, 0, NULL, NULL, 2),
	(2, 4, 0, NULL, NULL, 2),
	(3, 2, 1, 20, 2, NULL),
	(4, 2, 1, 15, NULL, 2),
	(5, 2, 1, 20, NULL, 2),
	(6, 1, 1, 20, NULL, NULL),
	(7, 1, 1, 20, 2, NULL),
	(8, 4, 0, NULL, NULL, NULL),
	(9, 0, 1, 25, NULL, NULL),
	(10, 3, 0, NULL, NULL, 2),
	(11, 4, 0, NULL, NULL, NULL),
	(12, 3, 0, NULL, 2, 2),
	(13, 2, 1, 20, NULL, NULL),
	(14, 1, 1, 20, NULL, NULL),
	(15, 3, 0, NULL, 2, 2),
	(16, 2, 1, 15, NULL, NULL),
	(17, 2, 1, 15, NULL, 2),
	(18, 0, 1, 20, NULL, NULL),
	(19, 4, 0, NULL, NULL, 2),
	(20, 3, 0, NULL, 2, NULL),
	(21, 2, 1, 20, NULL, 2),
	(22, 0, 1, 25, 2, NULL),
	(23, 3, 0, NULL, 2, 2),
	(24, 2, 1, 20, 2, 2);

-- 傾印  資料表 411077026.factory 結構
CREATE TABLE IF NOT EXISTS `factory` (
  `manuorder_id` varchar(4) NOT NULL,
  `item_id` int(2) NOT NULL,
  `request_num` int(3) NOT NULL,
  `complete_num` int(3) NOT NULL,
  `complete_state` tinyint(4) NOT NULL,
  PRIMARY KEY (`manuorder_id`) USING BTREE,
  KEY `item_id1` (`item_id`),
  CONSTRAINT `item_id1` FOREIGN KEY (`item_id`) REFERENCES `item` (`item_id`) ON DELETE CASCADE ON UPDATE CASCADE
) ENGINE=InnoDB DEFAULT CHARSET=utf8mb4 COLLATE=utf8mb4_general_ci;

-- 正在傾印表格  411077026.factory 的資料：~14 rows (近似值)
INSERT INTO `factory` (`manuorder_id`, `item_id`, `request_num`, `complete_num`, `complete_state`) VALUES
	('C101', 3, 20, 20, 1),
	('C102', 4, 15, 15, 1),
	('C103', 5, 20, 20, 1),
	('C104', 6, 20, 18, 0),
	('C105', 7, 20, 15, 0),
	('C106', 9, 25, 23, 0),
	('C107', 13, 20, 20, 1),
	('C108', 14, 20, 18, 0),
	('C109', 16, 15, 15, 1),
	('C110', 17, 15, 15, 1),
	('C111', 18, 20, 15, 0),
	('C112', 21, 20, 20, 1),
	('C113', 22, 25, 22, 0),
	('C114', 24, 20, 20, 1);

-- 傾印  資料表 411077026.item 結構
CREATE TABLE IF NOT EXISTS `item` (
  `item_id` int(2) NOT NULL,
  `item_name` text NOT NULL,
  `item_price` decimal(20,0) NOT NULL,
  `type` text NOT NULL,
  `company` text NOT NULL,
  PRIMARY KEY (`item_id`)
) ENGINE=InnoDB DEFAULT CHARSET=utf8mb4 COLLATE=utf8mb4_general_ci;

-- 正在傾印表格  411077026.item 的資料：~24 rows (近似值)
INSERT INTO `item` (`item_id`, `item_name`, `item_price`, `type`, `company`) VALUES
	(1, 'ASUS 27吋2K HDR電競螢幕(VG27AQL1A)', 6988, '螢幕', 'ASUS'),
	(2, 'MSI PRO MP243W 美型純白螢幕(24型/FHD/HDMI/喇叭/IPS)', 3188, '螢幕', 'MSI'),
	(3, 'SAMSUNG 32型 Mini LED曲面電競螢幕', 34900, '螢幕', 'SAMSUNG'),
	(4, '【ASUS 華碩】Zenfone9 5G 5.9吋(8G/256G)', 19990, '手機', 'ASUS'),
	(5, 'NS Switch 寶可夢 朱/紫 雙重包同捆版 中文版', 2980, 'switch', 'Nintendo'),
	(6, 'NS Switch 薩爾達傳說 王國之淚 中文一般版', 1790, 'switch', 'Nintendo'),
	(7, '任天堂 Nintendo Switch（OLED款式）白色', 10280, 'switch', 'Nintendo'),
	(8, 'SONY ILCE-1 A1 單機身 ', 169730, '相機', 'Sony'),
	(9, 'SONY FE 20mm F1.8 G (SEL20F18G) 鏡頭', 25200, '相機零件', 'Sony'),
	(10, '[Sony 索尼公司貨 保固12+6] WF-1000XM4 主動式降噪 真無線藍牙耳機(智慧降噪 / IPX4防水 / 清晰通話)', 6990, '耳機', 'Sony'),
	(11, 'ASUS VivoWatch 5 智慧健康錶', 10990, '電子錶', 'ASUS'),
	(12, 'NS《星之卡比 探索發現》中文版', 1390, 'switch', 'Nintendo'),
	(13, '電光紫/電光橙 NS Joy-Con 手把 左右手控制器', 1890, 'switch', 'Nintendo'),
	(14, 'GoPro-MAX握把+腳架ASBHM-002', 2100, '相機零件', 'GoPro'),
	(15, 'GoPro-MAX 360度多功能攝影機CHDHZ-202-RX', 15600, '相機', 'GoPro'),
	(16, 'GoPro HERO11 Black MINI全方位運動攝影機', 11800, '相機', 'GoPro'),
	(17, 'GoPro HERO11 Black MINI全方位運動攝影機 CHDHF-111-RW', 11800, '相機', 'GoPro'),
	(18, 'Sony A7C 輕巧全片幅相機 單機身 ILCE-7C ', 46540, '相機', 'Sony'),
	(19, 'SONY 原廠 MH750 入耳式線控耳機 (3.5mm直頭插頭設計)', 385, '耳機', 'Sony'),
	(20, 'SONY MDR-7506 錄音監聽耳機 頭戴式耳機', 3490, '耳機', 'Sony'),
	(21, '【SONY 索尼】Xperia 10 IV 6吋(6G/128G)', 7990, '手機', 'Sony'),
	(22, 'MSI微星 Katana GF76 12UEOK-497TW 電競筆電', 43500, '筆電', 'MSI'),
	(23, '【SAMSUNG 三星】Galaxy A54 5G 6.4吋(8G/256G)', 12618, '手機', 'SAMSUNG'),
	(24, '【SAMSUNG 三星】Galaxy Z Flip4 5G 6.7吋(8G/128G)', 19618, '手機', 'SAMSUNG');

-- 傾印  資料表 411077026.order 結構
CREATE TABLE IF NOT EXISTS `order` (
  `order_id` varchar(4) NOT NULL DEFAULT '',
  `cus_id` varchar(4) NOT NULL DEFAULT '',
  `price` decimal(20,0) NOT NULL,
  `date` date NOT NULL,
  PRIMARY KEY (`order_id`),
  KEY `cus_id1` (`cus_id`),
  CONSTRAINT `cus_id1` FOREIGN KEY (`cus_id`) REFERENCES `customer` (`cus_id`) ON DELETE CASCADE ON UPDATE CASCADE,
  CONSTRAINT `order_id2` FOREIGN KEY (`order_id`) REFERENCES `trans_info` (`order_id`) ON DELETE CASCADE ON UPDATE CASCADE
) ENGINE=InnoDB DEFAULT CHARSET=utf8mb4 COLLATE=utf8mb4_general_ci;

-- 正在傾印表格  411077026.order 的資料：~30 rows (近似值)
INSERT INTO `order` (`order_id`, `cus_id`, `price`, `date`) VALUES
	('B101', 'A103', 284978, '2023-06-01'),
	('B102', 'A110', 88576, '2023-06-02'),
	('B103', 'A101', 85578, '2023-06-03'),
	('B104', 'A107', 168876, '2023-06-04'),
	('B105', 'A117', 38436, '2023-06-05'),
	('B106', 'A109', 58950, '2023-06-06'),
	('B107', 'A115', 20635, '2023-06-07'),
	('B108', 'A105', 149438, '2023-06-08'),
	('B109', 'A111', 85840, '2023-06-09'),
	('B110', 'A116', 160096, '2023-06-10'),
	('B111', 'A104', 45191, '2023-06-11'),
	('B112', 'A119', 98938, '2023-06-12'),
	('B113', 'A118', 55540, '2023-06-13'),
	('B114', 'A101', 126015, '2023-06-14'),
	('B115', 'A106', 36871, '2023-06-15'),
	('B116', 'A106', 89996, '2023-06-16'),
	('B117', 'A108', 15545, '2023-06-17'),
	('B118', 'A112', 198210, '2023-06-18'),
	('B119', 'A113', 57694, '2023-06-19'),
	('B120', 'A119', 250930, '2023-06-20'),
	('B121', 'A107', 38394, '2023-06-21'),
	('B122', 'A103', 276890, '2023-06-22'),
	('B123', 'A102', 64060, '2023-06-23'),
	('B124', 'A110', 108774, '2023-06-24'),
	('B125', 'A111', 19748, '2023-06-25'),
	('B126', 'A102', 37760, '2023-06-26'),
	('B127', 'A113', 68650, '2023-06-27'),
	('B128', 'A109', 73134, '2023-06-28'),
	('B129', 'A104', 228790, '2023-06-29'),
	('B130', 'A114', 23558, '2023-06-30');

-- 傾印  資料表 411077026.product 結構
CREATE TABLE IF NOT EXISTS `product` (
  `produce_id` varchar(3) NOT NULL,
  `item_id` int(2) NOT NULL,
  `state` tinyint(4) NOT NULL,
  `location` varchar(2) NOT NULL,
  `order_id` varchar(4) NOT NULL,
  PRIMARY KEY (`produce_id`),
  KEY `item_id3` (`item_id`),
  CONSTRAINT `item_id3` FOREIGN KEY (`item_id`) REFERENCES `item` (`item_id`) ON DELETE CASCADE ON UPDATE CASCADE
) ENGINE=InnoDB DEFAULT CHARSET=utf8mb4 COLLATE=utf8mb4_general_ci;

-- 正在傾印表格  411077026.product 的資料：~379 rows (近似值)
INSERT INTO `product` (`produce_id`, `item_id`, `state`, `location`, `order_id`) VALUES
	('A1', 1, 1, '台北', 'B119'),
	('A10', 1, 1, '高雄', 'B114'),
	('A11', 1, 1, '高雄', 'B115'),
	('A12', 1, 1, '倉庫', 'B108'),
	('A13', 1, 1, '高雄', 'B114'),
	('A14', 1, 1, '倉庫', 'B124'),
	('A15', 1, 1, '台北', 'B102'),
	('A16', 1, 0, '高雄', ''),
	('A17', 1, 0, '倉庫', ''),
	('A18', 1, 0, '倉庫', ''),
	('A19', 1, 0, '倉庫', ''),
	('A2', 1, 1, '台北', 'B115'),
	('A20', 1, 0, '倉庫', ''),
	('A21', 1, 0, '台北', ''),
	('A22', 1, 0, '高雄', ''),
	('A23', 1, 0, '台北', ''),
	('A24', 1, 0, '台北', ''),
	('A25', 1, 0, '倉庫', ''),
	('A3', 1, 1, '高雄', 'B128'),
	('A4', 1, 1, '台北', 'B112'),
	('A5', 1, 1, '台北', 'B125'),
	('A6', 1, 1, '台北', 'B105'),
	('A7', 1, 1, '倉庫', 'B121'),
	('A8', 1, 1, '倉庫', 'B128'),
	('A9', 1, 1, '倉庫', 'B109'),
	('B1', 2, 1, '台北', 'B124'),
	('B10', 2, 0, '倉庫', ''),
	('B11', 2, 0, '台北', ''),
	('B12', 2, 0, '台北', ''),
	('B13', 2, 0, '倉庫', ''),
	('B14', 2, 0, '台北', ''),
	('B15', 2, 0, '台北', ''),
	('B16', 2, 0, '高雄', ''),
	('B17', 2, 0, '倉庫', ''),
	('B2', 2, 1, '高雄', 'B121'),
	('B3', 2, 1, '倉庫', 'B105'),
	('B4', 2, 1, '倉庫', 'B130'),
	('B5', 2, 1, '高雄', 'B102'),
	('B6', 2, 1, '台北', 'B103'),
	('B7', 2, 1, '倉庫', 'B119'),
	('B8', 2, 0, '高雄', ''),
	('B9', 2, 0, '倉庫', ''),
	('C1', 3, 1, '高雄', 'B110'),
	('C10', 3, 1, '台北', 'B108'),
	('C11', 3, 1, '高雄', 'B106'),
	('C12', 3, 1, '高雄', 'B122'),
	('C13', 3, 1, '倉庫', 'B102'),
	('C14', 3, 0, '高雄', ''),
	('C15', 3, 0, '台北', ''),
	('C16', 3, 0, '高雄', ''),
	('C17', 3, 0, '高雄', ''),
	('C18', 3, 0, '倉庫', ''),
	('C19', 3, 0, '倉庫', ''),
	('C2', 3, 1, '高雄', 'B124'),
	('C20', 3, 0, '高雄', ''),
	('C21', 3, 0, '高雄', ''),
	('C3', 3, 1, '高雄', 'B129'),
	('C4', 3, 1, '高雄', 'B104'),
	('C5', 3, 1, '高雄', 'B112'),
	('C6', 3, 1, '高雄', 'B127'),
	('C7', 3, 1, '台北', 'B114'),
	('C8', 3, 1, '倉庫', 'B113'),
	('C9', 3, 1, '台北', 'B119'),
	('D1', 4, 1, '倉庫', 'B110'),
	('D10', 4, 0, '高雄', ''),
	('D11', 4, 0, '高雄', ''),
	('D12', 4, 0, '倉庫', ''),
	('D13', 4, 0, '倉庫', ''),
	('D14', 4, 0, '台北', ''),
	('D15', 4, 0, '台北', ''),
	('D16', 4, 0, '台北', ''),
	('D2', 4, 1, '高雄', 'B116'),
	('D3', 4, 1, '倉庫', 'B110'),
	('D4', 4, 1, '高雄', 'B120'),
	('D5', 4, 1, '高雄', 'B112'),
	('D6', 4, 1, '倉庫', 'B123'),
	('D7', 4, 1, '高雄', 'B114'),
	('D8', 4, 0, '台北', ''),
	('D9', 4, 0, '台北', ''),
	('E1', 5, 1, '高雄', 'B107'),
	('E10', 5, 0, '倉庫', ''),
	('E11', 5, 0, '高雄', ''),
	('E12', 5, 0, '台北', ''),
	('E13', 5, 0, '倉庫', ''),
	('E14', 5, 0, '台北', ''),
	('E2', 5, 1, '倉庫', 'B130'),
	('E3', 5, 1, '高雄', 'B127'),
	('E4', 5, 1, '高雄', 'B129'),
	('E5', 5, 1, '台北', 'B108'),
	('E6', 5, 1, '倉庫', 'B125'),
	('E7', 5, 0, '台北', ''),
	('E8', 5, 0, '台北', ''),
	('E9', 5, 0, '台北', ''),
	('F1', 6, 1, '倉庫', 'B126'),
	('F10', 6, 0, '倉庫', ''),
	('F11', 6, 0, '高雄', ''),
	('F12', 6, 0, '台北', ''),
	('F13', 6, 0, '台北', ''),
	('F2', 6, 1, '高雄', 'B109'),
	('F3', 6, 1, '高雄', 'B125'),
	('F4', 6, 1, '台北', 'B108'),
	('F5', 6, 1, '台北', 'B127'),
	('F6', 6, 1, '台北', 'B120'),
	('F7', 6, 0, '高雄', ''),
	('F8', 6, 0, '台北', ''),
	('F9', 6, 0, '高雄', ''),
	('G1', 7, 1, '台北', 'B117'),
	('G10', 7, 1, '台北', 'B124'),
	('G11', 7, 0, '高雄', ''),
	('G12', 7, 0, '倉庫', ''),
	('G13', 7, 0, '高雄', ''),
	('G14', 7, 0, '高雄', ''),
	('G15', 7, 0, '高雄', ''),
	('G16', 7, 0, '高雄', ''),
	('G2', 7, 1, '台北', 'B107'),
	('G3', 7, 1, '台北', 'B105'),
	('G4', 7, 1, '倉庫', 'B112'),
	('G5', 7, 1, '倉庫', 'B106'),
	('G6', 7, 1, '台北', 'B103'),
	('G7', 7, 1, '倉庫', 'B106'),
	('G8', 7, 1, '倉庫', 'B122'),
	('G9', 7, 1, '台北', 'B103'),
	('H1', 8, 1, '台北', 'B101'),
	('H10', 8, 0, '台北', ''),
	('H11', 8, 0, '倉庫', ''),
	('H12', 8, 0, '倉庫', ''),
	('H13', 8, 0, '高雄', ''),
	('H14', 8, 0, '倉庫', ''),
	('H15', 8, 0, '台北', ''),
	('H16', 8, 0, '台北', ''),
	('H17', 8, 0, '高雄', ''),
	('H2', 8, 1, '台北', 'B118'),
	('H3', 8, 1, '高雄', 'B129'),
	('H4', 8, 1, '高雄', 'B120'),
	('H5', 8, 1, '倉庫', 'B122'),
	('H6', 8, 0, '高雄', ''),
	('H7', 8, 0, '高雄', ''),
	('H8', 8, 0, '高雄', ''),
	('H9', 8, 0, '倉庫', ''),
	('I1', 9, 1, '台北', 'B110'),
	('I10', 9, 0, '台北', ''),
	('I11', 9, 0, '高雄', ''),
	('I12', 9, 0, '高雄', ''),
	('I13', 9, 0, '高雄', ''),
	('I14', 9, 0, '台北', ''),
	('I15', 9, 0, '台北', ''),
	('I2', 9, 1, '倉庫', 'B124'),
	('I3', 9, 1, '台北', 'B104'),
	('I4', 9, 1, '高雄', 'B104'),
	('I5', 9, 1, '倉庫', 'B108'),
	('I6', 9, 1, '高雄', 'B108'),
	('I7', 9, 1, '倉庫', 'B122'),
	('I8', 9, 0, '台北', ''),
	('I9', 9, 0, '台北', ''),
	('J1', 10, 1, '倉庫', 'B116'),
	('J10', 10, 0, '倉庫', ''),
	('J11', 10, 0, '倉庫', ''),
	('J12', 10, 0, '台北', ''),
	('J13', 10, 0, '高雄', ''),
	('J14', 10, 0, '倉庫', ''),
	('J15', 10, 0, '高雄', ''),
	('J16', 10, 0, '台北', ''),
	('J2', 10, 1, '台北', 'B113'),
	('J3', 10, 1, '高雄', 'B112'),
	('J4', 10, 1, '倉庫', 'B108'),
	('J5', 10, 1, '台北', 'B107'),
	('J6', 10, 1, '高雄', 'B104'),
	('J7', 10, 1, '台北', 'B105'),
	('J8', 10, 0, '台北', ''),
	('J9', 10, 0, '台北', ''),
	('K1', 11, 1, '台北', 'B113'),
	('K10', 11, 0, '高雄', ''),
	('K11', 11, 0, '高雄', ''),
	('K12', 11, 0, '倉庫', ''),
	('K13', 11, 0, '高雄', ''),
	('K14', 11, 0, '高雄', ''),
	('K15', 11, 0, '倉庫', ''),
	('K2', 11, 1, '台北', 'B120'),
	('K3', 11, 1, '倉庫', 'B105'),
	('K4', 11, 1, '高雄', 'B126'),
	('K5', 11, 0, '倉庫', ''),
	('K6', 11, 0, '台北', ''),
	('K7', 11, 0, '倉庫', ''),
	('K8', 11, 0, '台北', ''),
	('K9', 11, 0, '台北', ''),
	('L1', 12, 1, '倉庫', 'B122'),
	('L10', 12, 0, '台北', ''),
	('L11', 12, 0, '高雄', ''),
	('L12', 12, 0, '倉庫', ''),
	('L2', 12, 1, '倉庫', 'B129'),
	('L3', 12, 1, '高雄', 'B117'),
	('L4', 12, 1, '台北', 'B118'),
	('L5', 12, 1, '高雄', 'B117'),
	('L6', 12, 1, '倉庫', 'B126'),
	('L7', 12, 1, '倉庫', 'B123'),
	('L8', 12, 0, '倉庫', ''),
	('L9', 12, 0, '倉庫', ''),
	('M1', 13, 1, '高雄', 'B108'),
	('M10', 13, 0, '台北', ''),
	('M11', 13, 0, '台北', ''),
	('M12', 13, 0, '台北', ''),
	('M13', 13, 0, '台北', ''),
	('M14', 13, 0, '高雄', ''),
	('M15', 13, 0, '倉庫', ''),
	('M16', 13, 0, '高雄', ''),
	('M17', 13, 0, '高雄', ''),
	('M18', 13, 0, '台北', ''),
	('M2', 13, 1, '倉庫', 'B113'),
	('M3', 13, 1, '倉庫', 'B109'),
	('M4', 13, 1, '倉庫', 'B116'),
	('M5', 13, 1, '高雄', 'B127'),
	('M6', 13, 1, '台北', 'B120'),
	('M7', 13, 1, '台北', 'B115'),
	('M8', 13, 0, '高雄', ''),
	('M9', 13, 0, '倉庫', ''),
	('N1', 14, 1, '倉庫', 'B101'),
	('N10', 14, 0, '高雄', ''),
	('N11', 14, 0, '高雄', ''),
	('N12', 14, 0, '台北', ''),
	('N13', 14, 0, '台北', ''),
	('N14', 14, 0, '高雄', ''),
	('N15', 14, 0, '台北', ''),
	('N2', 14, 1, '高雄', 'B116'),
	('N3', 14, 1, '高雄', 'B109'),
	('N4', 14, 1, '倉庫', 'B130'),
	('N5', 14, 1, '倉庫', 'B117'),
	('N6', 14, 0, '倉庫', ''),
	('N7', 14, 0, '高雄', ''),
	('N8', 14, 0, '高雄', ''),
	('N9', 14, 0, '台北', ''),
	('O1', 15, 1, '倉庫', 'B109'),
	('O10', 15, 0, '高雄', ''),
	('O11', 15, 0, '倉庫', ''),
	('O12', 15, 0, '高雄', ''),
	('O13', 15, 0, '倉庫', ''),
	('O14', 15, 0, '台北', ''),
	('O2', 15, 1, '倉庫', 'B126'),
	('O3', 15, 1, '倉庫', 'B122'),
	('O4', 15, 1, '倉庫', 'B121'),
	('O5', 15, 1, '倉庫', 'B123'),
	('O6', 15, 1, '倉庫', 'B124'),
	('O7', 15, 1, '台北', 'B123'),
	('O8', 15, 1, '高雄', 'B114'),
	('O9', 15, 0, '倉庫', ''),
	('P1', 16, 1, '倉庫', 'B127'),
	('P10', 16, 0, '倉庫', ''),
	('P11', 16, 0, '倉庫', ''),
	('P12', 16, 0, '台北', ''),
	('P13', 16, 0, '台北', ''),
	('P14', 16, 0, '高雄', ''),
	('P15', 16, 0, '高雄', ''),
	('P16', 16, 0, '高雄', ''),
	('P2', 16, 1, '倉庫', 'B110'),
	('P3', 16, 1, '台北', 'B127'),
	('P4', 16, 1, '倉庫', 'B129'),
	('P5', 16, 1, '台北', 'B104'),
	('P6', 16, 0, '台北', ''),
	('P7', 16, 0, '高雄', ''),
	('P8', 16, 0, '高雄', ''),
	('P9', 16, 0, '高雄', ''),
	('Q1', 17, 1, '高雄', 'B111'),
	('Q10', 17, 0, '台北', ''),
	('Q11', 17, 0, '台北', ''),
	('Q12', 17, 0, '倉庫', ''),
	('Q13', 17, 0, '高雄', ''),
	('Q14', 17, 0, '台北', ''),
	('Q15', 17, 0, '台北', ''),
	('Q16', 17, 0, '倉庫', ''),
	('Q2', 17, 1, '台北', 'B116'),
	('Q3', 17, 1, '台北', 'B118'),
	('Q4', 17, 1, '倉庫', 'B118'),
	('Q5', 17, 1, '台北', 'B130'),
	('Q6', 17, 1, '台北', 'B101'),
	('Q7', 17, 1, '台北', 'B103'),
	('Q8', 17, 1, '倉庫', 'B122'),
	('Q9', 17, 1, '倉庫', 'B112'),
	('R1', 18, 1, '高雄', 'B128'),
	('R10', 18, 0, '高雄', ''),
	('R11', 18, 0, '高雄', ''),
	('R12', 18, 0, '高雄', ''),
	('R13', 18, 0, '台北', ''),
	('R2', 18, 1, '高雄', 'B101'),
	('R3', 18, 1, '高雄', 'B120'),
	('R4', 18, 1, '倉庫', 'B103'),
	('R5', 18, 1, '高雄', 'B104'),
	('R6', 18, 1, '倉庫', 'B114'),
	('R7', 18, 0, '台北', ''),
	('R8', 18, 0, '台北', ''),
	('R9', 18, 0, '台北', ''),
	('S1', 19, 1, '倉庫', 'B113'),
	('S10', 19, 0, '台北', ''),
	('S11', 19, 0, '台北', ''),
	('S12', 19, 0, '台北', ''),
	('S13', 19, 0, '倉庫', ''),
	('S14', 19, 0, '高雄', ''),
	('S15', 19, 0, '倉庫', ''),
	('S16', 19, 0, '台北', ''),
	('S17', 19, 0, '倉庫', ''),
	('S18', 19, 0, '台北', ''),
	('S19', 19, 0, '台北', ''),
	('S2', 19, 1, '高雄', 'B111'),
	('S20', 19, 0, '倉庫', ''),
	('S3', 19, 1, '台北', 'B107'),
	('S4', 19, 1, '高雄', 'B111'),
	('S5', 19, 1, '倉庫', 'B111'),
	('S6', 19, 1, '台北', 'B117'),
	('S7', 19, 1, '倉庫', 'B115'),
	('S8', 19, 1, '台北', 'B113'),
	('S9', 19, 1, '台北', 'B114'),
	('T1', 20, 1, '台北', 'B130'),
	('T10', 20, 0, '倉庫', ''),
	('T11', 20, 0, '高雄', ''),
	('T12', 20, 0, '高雄', ''),
	('T13', 20, 0, '高雄', ''),
	('T14', 20, 0, '倉庫', ''),
	('T15', 20, 0, '高雄', ''),
	('T2', 20, 1, '倉庫', 'B118'),
	('T3', 20, 1, '高雄', 'B127'),
	('T4', 20, 1, '倉庫', 'B101'),
	('T5', 20, 1, '高雄', 'B103'),
	('T6', 20, 1, '倉庫', 'B106'),
	('T7', 20, 1, '倉庫', 'B123'),
	('T8', 20, 0, '高雄', ''),
	('T9', 20, 0, '倉庫', ''),
	('U1', 21, 1, '倉庫', 'B110'),
	('U10', 21, 1, '倉庫', 'B110'),
	('U11', 21, 0, '台北', ''),
	('U12', 21, 0, '台北', ''),
	('U13', 21, 0, '台北', ''),
	('U14', 21, 0, '台北', ''),
	('U15', 21, 0, '倉庫', ''),
	('U16', 21, 0, '倉庫', ''),
	('U2', 21, 1, '倉庫', 'B116'),
	('U3', 21, 1, '台北', 'B123'),
	('U4', 21, 1, '台北', 'B112'),
	('U5', 21, 1, '台北', 'B126'),
	('U6', 21, 1, '台北', 'B122'),
	('U7', 21, 1, '高雄', 'B125'),
	('U8', 21, 1, '高雄', 'B129'),
	('U9', 21, 1, '台北', 'B115'),
	('V1', 22, 1, '高雄', 'B108'),
	('V10', 22, 0, '高雄', ''),
	('V11', 22, 0, '台北', ''),
	('V12', 22, 0, '高雄', ''),
	('V2', 22, 1, '倉庫', 'B101'),
	('V3', 22, 1, '高雄', 'B114'),
	('V4', 22, 1, '高雄', 'B102'),
	('V5', 22, 0, '高雄', ''),
	('V6', 22, 0, '高雄', ''),
	('V7', 22, 0, '高雄', ''),
	('V8', 22, 0, '高雄', ''),
	('V9', 22, 0, '高雄', ''),
	('W1', 23, 1, '倉庫', 'B110'),
	('W10', 23, 1, '高雄', 'B104'),
	('W11', 23, 1, '高雄', 'B109'),
	('W12', 23, 0, '倉庫', ''),
	('W13', 23, 0, '倉庫', ''),
	('W14', 23, 0, '台北', ''),
	('W15', 23, 0, '高雄', ''),
	('W16', 23, 0, '倉庫', ''),
	('W2', 23, 1, '倉庫', 'B109'),
	('W3', 23, 1, '倉庫', 'B119'),
	('W4', 23, 1, '高雄', 'B121'),
	('W5', 23, 1, '倉庫', 'B111'),
	('W6', 23, 1, '台北', 'B124'),
	('W7', 23, 1, '台北', 'B104'),
	('W8', 23, 1, '高雄', 'B109'),
	('W9', 23, 1, '倉庫', 'B128'),
	('X1', 24, 1, '高雄', 'B110'),
	('X10', 24, 0, '倉庫', ''),
	('X11', 24, 0, '倉庫', ''),
	('X2', 24, 1, '高雄', 'B115'),
	('X3', 24, 1, '倉庫', 'B116'),
	('X4', 24, 1, '台北', 'B109'),
	('X5', 24, 1, '高雄', 'B101'),
	('X6', 24, 1, '台北', 'B116'),
	('X7', 24, 1, '台北', 'B111'),
	('X8', 24, 0, '高雄', ''),
	('X9', 24, 0, '台北', '');

-- 傾印  資料表 411077026.sale_data 結構
CREATE TABLE IF NOT EXISTS `sale_data` (
  `whatTime` tinytext NOT NULL,
  `item1_number` int(3) NOT NULL,
  `item2_number` int(3) NOT NULL,
  `item3_number` int(3) NOT NULL,
  `item4_number` int(3) NOT NULL,
  `item5_number` int(3) NOT NULL,
  `item6_number` int(3) NOT NULL,
  `item7_number` int(3) NOT NULL,
  `item8_number` int(3) NOT NULL,
  `item9_number` int(3) NOT NULL,
  `item10_number` int(3) NOT NULL,
  `item11_number` int(3) NOT NULL,
  `item12_number` int(3) NOT NULL,
  `item13_number` int(3) NOT NULL,
  `item14_number` int(3) NOT NULL,
  `item15_number` int(3) NOT NULL,
  `item16_number` int(3) NOT NULL,
  `item17_number` int(3) NOT NULL,
  `item18_number` int(3) NOT NULL,
  `item19_number` int(3) NOT NULL,
  `item20_number` int(3) NOT NULL,
  `item21_number` int(3) NOT NULL,
  `item22_number` int(3) NOT NULL,
  `item23_number` int(3) NOT NULL,
  `item24_number` int(3) NOT NULL,
  UNIQUE KEY `when` (`whatTime`) USING HASH
) ENGINE=InnoDB DEFAULT CHARSET=utf8mb4 COLLATE=utf8mb4_general_ci;

-- 正在傾印表格  411077026.sale_data 的資料：~14 rows (近似值)
INSERT INTO `sale_data` (`whatTime`, `item1_number`, `item2_number`, `item3_number`, `item4_number`, `item5_number`, `item6_number`, `item7_number`, `item8_number`, `item9_number`, `item10_number`, `item11_number`, `item12_number`, `item13_number`, `item14_number`, `item15_number`, `item16_number`, `item17_number`, `item18_number`, `item19_number`, `item20_number`, `item21_number`, `item22_number`, `item23_number`, `item24_number`) VALUES
	('2022_7', 12, 1, 6, 1, 7, 7, 10, 7, 4, 10, 2, 1, 5, 2, 4, 4, 12, 1, 4, 9, 2, 1, 5, 10),
	('2022_8', 13, 4, 9, 4, 8, 9, 8, 0, 4, 1, 1, 8, 6, 5, 4, 7, 0, 2, 3, 7, 11, 3, 6, 10),
	('2022_9', 11, 6, 8, 5, 8, 4, 12, 0, 2, 3, 0, 0, 4, 2, 1, 1, 4, 1, 7, 1, 7, 2, 9, 7),
	('2022_10', 3, 10, 10, 5, 5, 5, 2, 6, 1, 3, 3, 1, 6, 1, 6, 4, 7, 9, 11, 3, 11, 6, 7, 7),
	('2022_11', 7, 5, 6, 6, 1, 5, 3, 0, 9, 4, 3, 10, 2, 1, 10, 1, 13, 4, 6, 8, 9, 3, 11, 0),
	('2022_12', 7, 9, 11, 2, 6, 7, 3, 5, 8, 6, 1, 0, 3, 3, 4, 0, 3, 0, 1, 0, 1, 3, 9, 5),
	('2023_1', 10, 7, 10, 4, 2, 0, 9, 5, 4, 8, 5, 8, 2, 4, 6, 3, 5, 1, 9, 9, 3, 3, 0, 3),
	('2023_2', 8, 8, 2, 7, 8, 4, 12, 8, 3, 2, 0, 9, 0, 1, 10, 4, 6, 10, 1, 1, 1, 0, 3, 3),
	('2023_3', 0, 9, 0, 9, 2, 10, 11, 2, 7, 8, 3, 0, 8, 0, 8, 3, 2, 1, 4, 9, 10, 5, 2, 5),
	('2023_4', 8, 2, 0, 4, 0, 3, 6, 8, 5, 6, 4, 6, 5, 7, 9, 3, 7, 7, 1, 3, 3, 0, 11, 9),
	('2023_5', 6, 8, 0, 10, 4, 8, 2, 5, 9, 2, 2, 2, 10, 0, 3, 2, 8, 9, 7, 10, 6, 7, 10, 2),
	('2023_6', 15, 7, 13, 7, 6, 6, 10, 5, 7, 7, 4, 7, 7, 5, 8, 5, 9, 6, 9, 7, 10, 4, 11, 7),
	('total_num', 100, 76, 75, 64, 57, 68, 88, 51, 63, 60, 28, 52, 58, 31, 73, 37, 76, 51, 63, 67, 74, 37, 84, 68),
	('total_price', 698800, 242288, 2617500, 1279360, 169860, 121720, 904640, 8656230, 1587600, 419400, 307720, 72280, 109620, 65100, 1138800, 436600, 896800, 2373540, 24255, 233830, 591260, 1609500, 1059912, 1334024);

-- 傾印  資料表 411077026.shop 結構
CREATE TABLE IF NOT EXISTS `shop` (
  `item_id` int(2) NOT NULL,
  `Taipei_store` int(3) unsigned NOT NULL,
  `Kaohsiung_store` int(3) unsigned NOT NULL,
  `Tstore_request` int(3) NOT NULL,
  `Kstore_request` int(3) NOT NULL,
  `Tstore_replenishnum` int(3) DEFAULT NULL,
  `Kstore_replenishnum` int(3) DEFAULT NULL,
  PRIMARY KEY (`item_id`)
) ENGINE=InnoDB DEFAULT CHARSET=utf8mb4 COLLATE=utf8mb4_general_ci;

-- 正在傾印表格  411077026.shop 的資料：~24 rows (近似值)
INSERT INTO `shop` (`item_id`, `Taipei_store`, `Kaohsiung_store`, `Tstore_request`, `Kstore_request`, `Tstore_replenishnum`, `Kstore_replenishnum`) VALUES
	(1, 3, 2, 0, 1, NULL, 2),
	(2, 4, 2, 0, 1, NULL, 2),
	(3, 1, 5, 1, 0, 2, NULL),
	(4, 5, 2, 0, 1, NULL, 2),
	(5, 5, 1, 0, 1, NULL, 2),
	(6, 3, 3, 0, 0, NULL, NULL),
	(7, 0, 5, 1, 0, 2, NULL),
	(8, 3, 5, 0, 0, NULL, NULL),
	(9, 5, 3, 0, 0, NULL, NULL),
	(10, 4, 2, 0, 1, NULL, 2),
	(11, 3, 4, 0, 0, NULL, NULL),
	(12, 1, 1, 1, 1, 2, 2),
	(13, 5, 4, 0, 0, NULL, NULL),
	(14, 4, 5, 0, 0, NULL, NULL),
	(15, 1, 2, 1, 1, 2, 2),
	(16, 3, 6, 0, 0, NULL, NULL),
	(17, 4, 1, 0, 1, NULL, 2),
	(18, 4, 3, 0, 0, NULL, NULL),
	(19, 6, 1, 0, 1, NULL, 2),
	(20, 0, 5, 1, 0, 2, NULL),
	(21, 4, 0, 0, 1, NULL, 2),
	(22, 1, 7, 1, 0, NULL, NULL),
	(23, 1, 1, 1, 1, 2, 2),
	(24, 1, 1, 1, 1, 2, 2);

-- 傾印  資料表 411077026.trans_info 結構
CREATE TABLE IF NOT EXISTS `trans_info` (
  `order_id` varchar(4) NOT NULL,
  `state` varchar(6) NOT NULL,
  `arrive_date` date NOT NULL,
  `actual_ad` date DEFAULT NULL,
  `cus_id` varchar(4) NOT NULL,
  `delay` tinyint(4) DEFAULT NULL,
  PRIMARY KEY (`order_id`),
  KEY `cus_id2` (`cus_id`),
  CONSTRAINT `cus_id2` FOREIGN KEY (`cus_id`) REFERENCES `customer` (`cus_id`) ON DELETE CASCADE ON UPDATE CASCADE
) ENGINE=InnoDB DEFAULT CHARSET=utf8mb4 COLLATE=utf8mb4_general_ci;

-- 正在傾印表格  411077026.trans_info 的資料：~30 rows (近似值)
INSERT INTO `trans_info` (`order_id`, `state`, `arrive_date`, `actual_ad`, `cus_id`, `delay`) VALUES
	('B101', '已抵達', '2023-06-08', '2023-06-08', 'A103', 0),
	('B102', '已抵達', '2023-06-09', '2023-06-09', 'A110', 0),
	('B103', '已抵達', '2023-06-10', '2023-06-11', 'A101', 1),
	('B104', '已抵達', '2023-06-11', '2023-06-11', 'A107', 0),
	('B105', '已抵達', '2023-06-12', '2023-06-12', 'A117', 0),
	('B106', '已抵達', '2023-06-13', '2023-06-13', 'A109', 0),
	('B107', '已抵達', '2023-06-14', '2023-06-16', 'A115', 1),
	('B108', '已抵達', '2023-06-15', '2023-06-16', 'A105', 1),
	('B109', '已抵達', '2023-06-16', '2023-06-16', 'A111', 0),
	('B110', '已抵達', '2023-06-17', '2023-06-17', 'A116', 0),
	('B111', '已抵達', '2023-06-18', '2023-06-18', 'A104', 0),
	('B112', '已抵達', '2023-06-19', '2023-06-19', 'A119', 0),
	('B113', '已抵達', '2023-06-20', '2023-06-21', 'A118', 1),
	('B114', '已抵達', '2023-06-21', '2023-06-21', 'A101', 0),
	('B115', '已抵達', '2023-06-22', '2023-06-22', 'A106', 0),
	('B116', '已抵達', '2023-06-23', '2023-06-23', 'A106', 0),
	('B117', '已抵達', '2023-06-24', '2023-06-25', 'A108', 1),
	('B118', '已抵達', '2023-06-25', '2023-06-25', 'A112', 0),
	('B119', '已抵達', '2023-06-26', '2023-06-26', 'A113', 0),
	('B120', '已抵達', '2023-06-27', '2023-06-27', 'A119', 0),
	('B121', '已抵達', '2023-06-28', '2023-06-28', 'A107', 0),
	('B122', '物件毀損', '2023-06-29', '2023-06-30', 'A103', 1),
	('B123', '已抵達', '2023-06-30', '2023-06-30', 'A102', 0),
	('B124', '已抵達', '2023-07-01', '2023-07-01', 'A110', 0),
	('B125', '已抵達', '2023-07-02', '2023-07-03', 'A111', 1),
	('B126', '已抵達', '2023-07-03', '2023-07-03', 'A102', 0),
	('B127', '送往物流中心', '2023-07-04', NULL, 'A113', NULL),
	('B128', '送往物流中心', '2023-07-05', NULL, 'A109', NULL),
	('B129', '配送中', '2023-07-06', NULL, 'A104', NULL),
	('B130', '配送中', '2023-07-07', NULL, 'A114', NULL);

/*!40103 SET TIME_ZONE=IFNULL(@OLD_TIME_ZONE, 'system') */;
/*!40101 SET SQL_MODE=IFNULL(@OLD_SQL_MODE, '') */;
/*!40014 SET FOREIGN_KEY_CHECKS=IFNULL(@OLD_FOREIGN_KEY_CHECKS, 1) */;
/*!40101 SET CHARACTER_SET_CLIENT=@OLD_CHARACTER_SET_CLIENT */;
/*!40111 SET SQL_NOTES=IFNULL(@OLD_SQL_NOTES, 1) */;
